"0","pattern.fread(the.files = the.files, the.patterns = c(""W5X7"", ""ziPoS"", ""jTXm3t""), connectors = c(""and"", ""or""), return.as = ""all"")"
"1","$result
"
"1","  "
"1","     user"
"1","             item"
"1"," rating"
"1","                            file"
"1","
1:"
"1"," a7gzXxfI"
"1"," 4icPV3jTXm3tGREj"
"1","      1"
"1","  Data 2/ratings data/file_1.csv"
"1","
2:"
"1"," QPW5X7ci"
"1"," uNp5n9ziPoSjwab6"
"1","      1"
"1"," Data 2/ratings data/file_10.csv"
"1","
"
"1","
"
"1","$code
"
"1","[1]"
"1"," ""awk -F ',' 'FNR < 2 { next } /W5X7/  &&  /ziPoS/  ||  /jTXm3t/ {print $1,$2,$3,FILENAME}' 'Data 2/ratings data/file_1.csv' 'Data 2/ratings data/file_10.csv'"""
"1","
"
"1","
"
