"0","pattern.fread(the.files = the.files, the.patterns = ""5n9ziP"", return.as = ""all"")"
"1","$result
"
"1","  "
"1","     user"
"1","             item"
"1"," rating"
"1","                            file"
"1","
1:"
"1"," QPW5X7ci"
"1"," uNp5n9ziPoSjwab6"
"1","      1"
"1"," Data 2/ratings data/file_10.csv"
"1","
"
"1","
"
"1","$code
"
"1","[1]"
"1"," ""awk -F ',' 'FNR < 2 { next } /5n9ziP/ {print $1,$2,$3,FILENAME}' 'Data 2/ratings data/file_1.csv' 'Data 2/ratings data/file_10.csv'"""
"1","
"
"1","
"
